,MedianIncome,ZipCode
0,81671.0,10001
1,33218.0,10002
2,92540.0,10003
3,129313.0,10004
4,124670.0,10005
5,119274.0,10006
6,216037.0,10007
7,59929.0,10009
8,97955.0,10010
9,104238.0,10011
10,86594.0,10012
11,83725.0,10013
12,108483.0,10014
13,,10015
14,105324.0,10016
15,100652.0,10017
16,104635.0,10018
17,84424.0,10019
18,,10020
19,107907.0,10021
20,109019.0,10022
21,103534.0,10023
22,109956.0,10024
23,68516.0,10025
24,43107.0,10026
25,37872.0,10027
26,104638.0,10028
27,31888.0,10029
28,31925.0,10030
29,37655.0,10031
30,34568.0,10032
31,41556.0,10033
32,41171.0,10034
33,24533.0,10035
34,66599.0,10036
35,37341.0,10037
36,66074.0,10038
37,33595.0,10039
38,42721.0,10040
39,,10041
40,83066.0,10044
41,,10045
42,,10048
43,,10055
44,,10060
45,115519.0,10065
46,170630.0,10069
47,102941.0,10075
48,,10090
49,,10095
50,,10098
51,,10099
52,,10103
53,,10104
54,,10105
55,,10106
56,,10107
57,,10110
58,,10111
59,,10112
60,,10115
61,,10118
62,,10119
63,,10120
64,,10121
65,,10122
66,,10123
67,96296.0,10128
68,,10151
69,,10152
70,,10153
71,,10154
72,,10155
73,,10158
74,,10161
75,168667.0,10162
76,,10165
77,,10166
78,,10167
79,,10168
80,,10169
81,,10170
82,,10171
83,,10172
84,,10173
85,,10174
86,,10175
87,,10176
88,,10177
89,,10178
90,,10199
91,,10200
92,,10270
93,,10271
94,,10278
95,,10279
96,129574.0,10280
97,,10281
98,230952.0,10282
99,56848.0,10301
100,56841.0,10302
101,51537.0,10303
102,53168.0,10304
103,70758.0,10305
104,75807.0,10306
105,86457.0,10307
106,88075.0,10308
107,86297.0,10309
108,61925.0,10310
109,,10311
110,85324.0,10312
111,77242.0,10314
112,26754.0,10451
113,25979.0,10452
114,25470.0,10453
115,20232.0,10454
116,22609.0,10455
117,23452.0,10456
118,24949.0,10457
119,24618.0,10458
120,24461.0,10459
121,22307.0,10460
122,52347.0,10461
123,45864.0,10462
124,54258.0,10463
125,70078.0,10464
126,65450.0,10465
127,44012.0,10466
128,36048.0,10467
129,33776.0,10468
130,57776.0,10469
131,58600.0,10470
132,71798.0,10471
133,30288.0,10472
134,35866.0,10473
135,25676.0,10474
136,43629.0,10475
137,143529.0,10501
138,135139.0,10502
139,182292.0,10504
140,167885.0,10505
141,180823.0,10506
142,70557.0,10507
143,90437.0,10509
144,144414.0,10510
145,89107.0,10511
146,87802.0,10512
147,202414.0,10514
148,81442.0,10516
149,192045.0,10518
150,102807.0,10520
151,105000.0,10522
152,81667.0,10523
153,114760.0,10524
154,101750.0,10526
155,194872.0,10527
156,99888.0,10528
157,92923.0,10530
158,110484.0,10532
159,131522.0,10533
160,90500.0,10535
161,153750.0,10536
162,81259.0,10537
163,160964.0,10538
164,106890.0,10541
165,87316.0,10543
166,116726.0,10546
167,81820.0,10547
168,93000.0,10548
169,81839.0,10549
170,39954.0,10550
171,64001.0,10552
172,58514.0,10553
173,127604.0,10560
174,74896.0,10562
175,58226.0,10566
176,105199.0,10567
177,123778.0,10570
178,66629.0,10573
179,154643.0,10576
180,228487.0,10577
181,130260.0,10578
182,102188.0,10579
183,153640.0,10580
184,168571.0,10583
185,71686.0,10588
186,98462.0,10589
187,126012.0,10590
188,80814.0,10591
189,114286.0,10594
190,107708.0,10595
191,189737.0,10597
192,106576.0,10598
193,67754.0,10601
194,91903.0,10603
195,83842.0,10604
196,108047.0,10605
197,68368.0,10606
198,132857.0,10607
199,43767.0,10701
200,,10702
201,57116.0,10703
202,67091.0,10704
203,47358.0,10705
204,125960.0,10706
205,94897.0,10707
206,95815.0,10708
207,92098.0,10709
208,76526.0,10710
209,54504.0,10801
210,140000.0,10803
211,157950.0,10804
212,55639.0,10805
213,85147.0,10901
214,,10911
215,122857.0,10913
216,103583.0,10916
217,72216.0,10917
218,87114.0,10918
219,107500.0,10919
220,94526.0,10920
221,70975.0,10921
222,88047.0,10923
223,84661.0,10924
224,66888.0,10925
225,75906.0,10926
226,55556.0,10927
227,66493.0,10928
228,125356.0,10930
229,78750.0,10931
230,61146.0,10940
231,66111.0,10941
232,74681.0,10950
233,53344.0,10952
234,91302.0,10954
235,119764.0,10956
236,105845.0,10958
237,78750.0,10960
238,109786.0,10962
239,74583.0,10963
240,94750.0,10964
241,94271.0,10965
242,91343.0,10968
243,79643.0,10969
244,74397.0,10970
245,83636.0,10973
246,87241.0,10974
247,58077.0,10975
248,40675.0,10976
249,60549.0,10977
250,94709.0,10980
251,126875.0,10983
252,112016.0,10984
253,,10985
254,106932.0,10986
255,100369.0,10987
256,100982.0,10989
257,84110.0,10990
258,91083.0,10992
259,67750.0,10993
260,129519.0,10994
261,98555.0,10996
262,101121.0,10998
263,101634.0,11001
264,85672.0,11003
265,81709.0,11004
266,64300.0,11005
267,87644.0,11010
268,128309.0,11020
269,93258.0,11021
270,106729.0,11023
271,97383.0,11024
272,172266.0,11030
273,101434.0,11040
274,,11042
275,105828.0,11050
276,48538.0,11096
277,47142.0,11101
278,49924.0,11102
279,55129.0,11103
280,56059.0,11104
281,57525.0,11105
282,48720.0,11106
283,125871.0,11109
284,95369.0,11201
285,48400.0,11203
286,45472.0,11204
287,44688.0,11205
288,28559.0,11206
289,32945.0,11207
290,35079.0,11208
291,58261.0,11209
292,55429.0,11210
293,46848.0,11211
294,28348.0,11212
295,34794.0,11213
296,43398.0,11214
297,95654.0,11215
298,43996.0,11216
299,81862.0,11217
300,52445.0,11218
301,34316.0,11219
302,37580.0,11220
303,39178.0,11221
304,63739.0,11222
305,41328.0,11223
306,27481.0,11224
307,42922.0,11225
308,40734.0,11226
309,61893.0,11228
310,51725.0,11229
311,42170.0,11230
312,78174.0,11231
313,43595.0,11232
314,34492.0,11233
315,68431.0,11234
316,41639.0,11235
317,61061.0,11236
318,40372.0,11237
319,65315.0,11238
320,26275.0,11239
321,,11240
322,,11241
323,,11242
324,,11243
325,,11249
326,,11252
327,,11256
328,,11351
329,46566.0,11354
330,41884.0,11355
331,58465.0,11356
332,71978.0,11357
333,65722.0,11358
334,,11359
335,76183.0,11360
336,75335.0,11361
337,82332.0,11362
338,90799.0,11363
339,72909.0,11364
340,55492.0,11365
341,71350.0,11366
342,56608.0,11367
343,45964.0,11368
344,53617.0,11369
345,52500.0,11370
346,,11371
347,48683.0,11372
348,47667.0,11373
349,52532.0,11374
350,72000.0,11375
351,49886.0,11377
352,57474.0,11378
353,69843.0,11379
354,50799.0,11385
355,83099.0,11411
356,70672.0,11412
357,78667.0,11413
358,66790.0,11414
359,63549.0,11415
360,56724.0,11416
361,62086.0,11417
362,60691.0,11418
363,56735.0,11419
364,59832.0,11420
365,60897.0,11421
366,84824.0,11422
367,60892.0,11423
368,82301.0,11426
369,70108.0,11427
370,69330.0,11428
371,68890.0,11429
372,,11430
373,50450.0,11432
374,42887.0,11433
375,59229.0,11434
376,53041.0,11435
377,62114.0,11436
378,79013.0,11501
379,90833.0,11507
380,109375.0,11509
381,98798.0,11510
382,84651.0,11514
383,85985.0,11516
384,92866.0,11518
385,67723.0,11520
386,135370.0,11530
387,67914.0,11542
388,146083.0,11545
389,98375.0,11548
390,53669.0,11550
391,98798.0,11552
392,75008.0,11553
393,92311.0,11554
394,,11556
395,115516.0,11557
396,77056.0,11558
397,112862.0,11559
398,99278.0,11560
399,91984.0,11561
400,90896.0,11563
401,117500.0,11565
402,126532.0,11566
403,192500.0,11568
404,104503.0,11570
405,96563.0,11572
406,66922.0,11575
407,150161.0,11576
408,112552.0,11577
409,100250.0,11579
410,88771.0,11580
411,98113.0,11581
412,87894.0,11590
413,112596.0,11596
414,140917.0,11598
415,,11599
416,39409.0,11691
417,43354.0,11692
418,50570.0,11693
419,76944.0,11694
420,87636.0,11697
421,69733.0,11701
422,94558.0,11702
423,90872.0,11703
424,80377.0,11704
425,88958.0,11705
426,75775.0,11706
427,,11708
428,98362.0,11709
429,103686.0,11710
430,75183.0,11713
431,87327.0,11714
432,102841.0,11715
433,90362.0,11716
434,69405.0,11717
435,115909.0,11718
436,82875.0,11719
437,94658.0,11720
438,94929.0,11721
439,67023.0,11722
440,139971.0,11724
441,112024.0,11725
442,73164.0,11726
443,76333.0,11727
444,80279.0,11729
445,105000.0,11730
446,106154.0,11731
447,96989.0,11732
448,141233.0,11733
449,91196.0,11735
450,,11737
451,91875.0,11738
452,94474.0,11740
453,94527.0,11741
454,86346.0,11742
455,118222.0,11743
456,97796.0,11746
457,112699.0,11747
458,90699.0,11749
459,95515.0,11751
460,94574.0,11752
461,153438.0,11753
462,98226.0,11754
463,94167.0,11755
464,99588.0,11756
465,82383.0,11757
466,104986.0,11758
467,112198.0,11762
468,88772.0,11763
469,113630.0,11764
470,165125.0,11765
471,104110.0,11766
472,109204.0,11767
473,120309.0,11768
474,92188.0,11769
475,106120.0,11771
476,68230.0,11772
477,84733.0,11776
478,109696.0,11777
479,85893.0,11778
480,87081.0,11779
481,109091.0,11780
482,108594.0,11782
483,104523.0,11783
484,88104.0,11784
485,130800.0,11786
486,107477.0,11787
487,104888.0,11788
488,79764.0,11789
489,138036.0,11790
490,139565.0,11791
491,119137.0,11792
492,113277.0,11793
493,104923.0,11795
494,96071.0,11796
495,150920.0,11797
496,65000.0,11798
497,91718.0,11801
498,120955.0,11803
499,115370.0,11804
500,51350.0,11901
501,64593.0,11933
502,93929.0,11934
503,91298.0,11935
504,81057.0,11937
505,66583.0,11939
506,92200.0,11940
507,58487.0,11941
508,87044.0,11942
509,54394.0,11944
510,72023.0,11946
511,113036.0,11948
512,104785.0,11949
513,68338.0,11950
514,65534.0,11951
515,86286.0,11952
516,69690.0,11953
517,68528.0,11954
518,63766.0,11955
519,82895.0,11957
520,83000.0,11958
521,54312.0,11961
522,85583.0,11963
523,82557.0,11967
524,84715.0,11968
525,90294.0,11971
526,160536.0,11976
527,96648.0,11977
528,80066.0,11978
529,84972.0,11980
530,80000.0,12007
531,58375.0,12008
532,80750.0,12009
533,44256.0,12010
534,61164.0,12015
535,67917.0,12017
536,80126.0,12018
537,90897.0,12019
538,68252.0,12020
539,68438.0,12022
540,56250.0,12023
541,,12024
542,56938.0,12025
543,95690.0,12027
544,77143.0,12028
545,78365.0,12029
546,52813.0,12031
547,45938.0,12032
548,68382.0,12033
549,39813.0,12035
550,45982.0,12036
551,56354.0,12037
552,46944.0,12041
553,68750.0,12042
554,49589.0,12043
555,75263.0,12046
556,47138.0,12047
557,49408.0,12051
558,68500.0,12052
559,86250.0,12053
560,94874.0,12054
561,,12055
562,91300.0,12056
563,53194.0,12057
564,49479.0,12058
565,83409.0,12059
566,79219.0,12060
567,84714.0,12061
568,65294.0,12062
569,125109.0,12063
570,37500.0,12064
571,80908.0,12065
572,63750.0,12066
573,68125.0,12067
574,47813.0,12068
575,69643.0,12070
576,56500.0,12071
577,53387.0,12072
578,72328.0,12074
579,67755.0,12075
580,57868.0,12076
581,82966.0,12077
582,37766.0,12078
583,49375.0,12083
584,71750.0,12084
585,50673.0,12085
586,52036.0,12086
587,51667.0,12087
588,54716.0,12090
589,41757.0,12092
590,56563.0,12093
591,54594.0,12094
592,43967.0,12095
593,70156.0,12106
594,51563.0,12108
595,76408.0,12110
596,81167.0,12115
597,51736.0,12116
598,55032.0,12117
599,61389.0,12118
600,47083.0,12120
601,70365.0,12121
602,50532.0,12122
603,65458.0,12123
604,50726.0,12125
605,87643.0,12130
606,37917.0,12131
607,48547.0,12134
608,88594.0,12136
609,63542.0,12137
610,65857.0,12138
611,44063.0,12139
612,80083.0,12140
613,57371.0,12143
614,63449.0,12144
615,60875.0,12147
616,107540.0,12148
617,49357.0,12149
618,76151.0,12150
619,73304.0,12151
620,82724.0,12153
621,67721.0,12154
622,45938.0,12155
623,64107.0,12156
624,60560.0,12157
625,79662.0,12158
626,87794.0,12159
627,56923.0,12160
628,57083.0,12164
629,56111.0,12165
630,55341.0,12166
631,49605.0,12167
632,59688.0,12168
633,45000.0,12169
634,70377.0,12170
635,68137.0,12173
636,51094.0,12175
637,73750.0,12176
638,47640.0,12180
639,45251.0,12182
640,52292.0,12183
641,78247.0,12184
642,73684.0,12185
643,83846.0,12186
644,67500.0,12187
645,66211.0,12188
646,47263.0,12189
647,40208.0,12190
648,55167.0,12192
649,72396.0,12193
650,41875.0,12194
651,92521.0,12196
652,50897.0,12197
653,82188.0,12198
654,29214.0,12202
655,54059.0,12203
656,49993.0,12204
657,65090.0,12205
658,26883.0,12206
659,11879.0,12207
660,58825.0,12208
661,56972.0,12209
662,32813.0,12210
663,95554.0,12211
664,,12223
665,,12226
666,,12247
667,,12260
668,66021.0,12302
669,61267.0,12303
670,43743.0,12304
671,28156.0,12305
672,58869.0,12306
673,21875.0,12307
674,40598.0,12308
675,87374.0,12309
676,47225.0,12401
677,67639.0,12404
678,46019.0,12405
679,40750.0,12406
680,28750.0,12407
681,53750.0,12409
682,60469.0,12410
683,63618.0,12411
684,52250.0,12412
685,43370.0,12413
686,49396.0,12414
687,33295.0,12416
688,63958.0,12418
689,48807.0,12419
690,58315.0,12421
691,30208.0,12422
692,48813.0,12423
693,34844.0,12424
694,110292.0,12427
695,44718.0,12428
696,48333.0,12430
697,56842.0,12431
698,64063.0,12433
699,32857.0,12434
700,62727.0,12435
701,39167.0,12439
702,64482.0,12440
703,36164.0,12442
704,76814.0,12443
705,28365.0,12444
706,51696.0,12446
707,61310.0,12448
708,50236.0,12449
709,22200.0,12450
710,60665.0,12451
711,73125.0,12454
712,47519.0,12455
713,48993.0,12456
714,53594.0,12457
715,52442.0,12458
716,52237.0,12460
717,61793.0,12461
718,44938.0,12463
719,49911.0,12464
720,50833.0,12465
721,59873.0,12466
722,41696.0,12468
723,51324.0,12469
724,24722.0,12470
725,41224.0,12472
726,71702.0,12473
727,51750.0,12474
728,60862.0,12477
729,23125.0,12480
730,54362.0,12481
731,29750.0,12482
732,84241.0,12484
733,41591.0,12485
734,72135.0,12486
735,67350.0,12487
736,61667.0,12491
737,52212.0,12492
738,66875.0,12494
739,50156.0,12495
740,50536.0,12496
741,65676.0,12498
742,64040.0,12501
743,64545.0,12502
744,70000.0,12503
745,66250.0,12507
746,62792.0,12508
747,60833.0,12513
748,91193.0,12514
749,61394.0,12515
750,66190.0,12516
751,51806.0,12517
752,80692.0,12518
753,84808.0,12520
754,53850.0,12521
755,56859.0,12522
756,51923.0,12523
757,74513.0,12524
758,76535.0,12525
759,60430.0,12526
760,63974.0,12528
761,78365.0,12529
762,90208.0,12531
763,100842.0,12533
764,46261.0,12534
765,70599.0,12538
766,99697.0,12540
767,62548.0,12542
768,61250.0,12543
769,61869.0,12545
770,61964.0,12546
771,64258.0,12547
772,52986.0,12548
773,81011.0,12549
774,56444.0,12550
775,71608.0,12553
776,66261.0,12561
777,92950.0,12563
778,76825.0,12564
779,43750.0,12565
780,80548.0,12566
781,63244.0,12567
782,76517.0,12569
783,93875.0,12570
784,69091.0,12571
785,72551.0,12572
786,94958.0,12575
787,92167.0,12577
788,92375.0,12578
789,77394.0,12580
790,67992.0,12581
791,97941.0,12582
792,53036.0,12583
793,96829.0,12585
794,64308.0,12586
795,77500.0,12589
796,78573.0,12590
797,59000.0,12592
798,,12593
799,76190.0,12594
800,42411.0,12601
801,80250.0,12603
802,27702.0,12701
803,59485.0,12719
804,78538.0,12720
805,56964.0,12721
806,58102.0,12723
807,49375.0,12725
808,58208.0,12726
809,55417.0,12729
810,39625.0,12732
811,43523.0,12733
812,29779.0,12734
813,38750.0,12736
814,56154.0,12737
815,74261.0,12738
816,56411.0,12740
817,64688.0,12741
818,59271.0,12742
819,49861.0,12743
820,50500.0,12745
821,59681.0,12746
822,47470.0,12747
823,52375.0,12748
824,37857.0,12750
825,32083.0,12751
826,52292.0,12752
827,36313.0,12754
828,50560.0,12758
829,37902.0,12759
830,42083.0,12760
831,51932.0,12762
832,60368.0,12763
833,52604.0,12764
834,57188.0,12765
835,56818.0,12766
836,32852.0,12768
837,49886.0,12770
838,42797.0,12771
839,81274.0,12775
840,51429.0,12776
841,70156.0,12777
842,41840.0,12779
843,41952.0,12780
844,51121.0,12783
845,49250.0,12786
846,55385.0,12787
847,46111.0,12788
848,51827.0,12789
849,50393.0,12790
850,45815.0,12791
851,40739.0,12792
852,45538.0,12801
853,58083.0,12803
854,60152.0,12804
855,66058.0,12808
856,61168.0,12809
857,58333.0,12810
858,63750.0,12812
859,56375.0,12814
860,52083.0,12815
861,50365.0,12816
862,53690.0,12817
863,45000.0,12819
864,29728.0,12821
865,50617.0,12822
866,21375.0,12823
867,66429.0,12824
868,58893.0,12827
869,54253.0,12828
870,71393.0,12831
871,45162.0,12832
872,62056.0,12833
873,60913.0,12834
874,50662.0,12835
875,54625.0,12836
876,42721.0,12837
877,69167.0,12838
878,44449.0,12839
879,46563.0,12842
880,55395.0,12843
881,75900.0,12844
882,70341.0,12845
883,73125.0,12846
884,58906.0,12847
885,70594.0,12849
886,75337.0,12850
887,39250.0,12851
888,50417.0,12852
889,41563.0,12853
890,,12854
891,51250.0,12855
892,47411.0,12857
893,62500.0,12858
894,59886.0,12859
895,46500.0,12860
896,55288.0,12861
897,63229.0,12863
898,53250.0,12865
899,67979.0,12866
900,53616.0,12870
901,61301.0,12871
902,41786.0,12873
903,95250.0,12874
904,47679.0,12878
905,,12879
906,42083.0,12883
907,49533.0,12885
908,52679.0,12886
909,45098.0,12887
910,43010.0,12901
911,51681.0,12903
912,57159.0,12910
913,,12911
914,50880.0,12912
915,53643.0,12913
916,41250.0,12914
917,44063.0,12916
918,50972.0,12917
919,54078.0,12918
920,50807.0,12919
921,47931.0,12920
922,60833.0,12921
923,54135.0,12922
924,43021.0,12923
925,47656.0,12924
926,46284.0,12926
927,46081.0,12928
928,45903.0,12930
929,45402.0,12932
930,35500.0,12934
931,43843.0,12935
932,57639.0,12936
933,41324.0,12937
934,72361.0,12941
935,42188.0,12942
936,51250.0,12943
937,48869.0,12944
938,65714.0,12945
939,47091.0,12946
940,,12949
941,38977.0,12950
942,40441.0,12952
943,50378.0,12953
944,60078.0,12955
945,50000.0,12956
946,31368.0,12957
947,34405.0,12958
948,51520.0,12959
949,53603.0,12960
950,64000.0,12961
951,68694.0,12962
952,92188.0,12964
953,32500.0,12965
954,47019.0,12966
955,49444.0,12967
956,35000.0,12969
957,53250.0,12970
958,66260.0,12972
959,34492.0,12974
960,73571.0,12978
961,60139.0,12979
962,38629.0,12980
963,55923.0,12981
964,47329.0,12983
965,42917.0,12985
966,55221.0,12986
967,38125.0,12987
968,55417.0,12989
969,52888.0,12992
970,44000.0,12993
971,43198.0,12996
972,53158.0,12997
973,34256.0,12998
974,46296.0,13021
975,71359.0,13026
976,67225.0,13027
977,40592.0,13028
978,68010.0,13029
979,55938.0,13030
980,69877.0,13031
981,53314.0,13032
982,56292.0,13033
983,58466.0,13034
984,65556.0,13035
985,56056.0,13036
986,62214.0,13037
987,74561.0,13039
988,46250.0,13040
989,77708.0,13041
990,52788.0,13042
991,59286.0,13044
992,43985.0,13045
993,52546.0,13052
994,60799.0,13053
995,45833.0,13054
996,55705.0,13057
997,54481.0,13060
998,66250.0,13061
999,76618.0,13063
1000,83295.0,13066
1001,66480.0,13068
1002,43312.0,13069
1003,64191.0,13071
1004,46563.0,13072
1005,50561.0,13073
1006,49198.0,13074
1007,61250.0,13076
1008,55933.0,13077
1009,83355.0,13078
1010,72782.0,13080
1011,52054.0,13081
1012,59460.0,13082
1013,43690.0,13083
1014,65617.0,13084
1015,53395.0,13088
1016,70376.0,13090
1017,66213.0,13092
1018,57279.0,13101
1019,14158.0,13103
1020,92194.0,13104
1021,81149.0,13108
1022,63696.0,13110
1023,45573.0,13111
1024,65313.0,13112
1025,50850.0,13114
1026,62926.0,13116
1027,57450.0,13118
1028,50417.0,13120
1029,47375.0,13122
1030,46875.0,13124
1031,48062.0,13126
1032,50613.0,13131
1033,59577.0,13132
1034,53919.0,13135
1035,36458.0,13136
1036,44646.0,13140
1037,42917.0,13141
1038,47453.0,13142
1039,46034.0,13143
1040,47625.0,13144
1041,42692.0,13145
1042,44286.0,13146
1043,80139.0,13147
1044,45591.0,13148
1045,86378.0,13152
1046,35750.0,13155
1047,44167.0,13156
1048,51188.0,13158
1049,71893.0,13159
1050,63167.0,13160
1051,77039.0,13164
1052,45779.0,13165
1053,55531.0,13166
1054,54788.0,13167
1055,14537.0,13202
1056,26250.0,13203
1057,26841.0,13204
1058,31501.0,13205
1059,40429.0,13206
1060,40808.0,13207
1061,31558.0,13208
1062,50988.0,13209
1063,24591.0,13210
1064,46372.0,13211
1065,51997.0,13212
1066,62386.0,13214
1067,77905.0,13215
1068,59945.0,13219
1069,54196.0,13224
1070,,13290
1071,66944.0,13301
1072,39896.0,13302
1073,60000.0,13303
1074,74408.0,13304
1075,41128.0,13308
1076,52542.0,13309
1077,83625.0,13310
1078,42639.0,13314
1079,58142.0,13315
1080,50027.0,13316
1081,50065.0,13317
1082,48750.0,13318
1083,42344.0,13319
1084,44464.0,13320
1085,48125.0,13322
1086,62681.0,13323
1087,37055.0,13324
1088,51576.0,13325
1089,57375.0,13326
1090,41302.0,13327
1091,59265.0,13328
1092,39444.0,13329
1093,72813.0,13331
1094,41782.0,13332
1095,52083.0,13333
1096,67500.0,13334
1097,52083.0,13335
1098,45403.0,13337
1099,50625.0,13338
1100,40963.0,13339
1101,48671.0,13340
1102,70536.0,13342
1103,45417.0,13343
1104,30733.0,13345
1105,63469.0,13346
1106,51641.0,13348
1107,37665.0,13350
1108,69199.0,13354
1109,36250.0,13355
1110,44500.0,13357
1111,50250.0,13360
1112,53355.0,13361
1113,61574.0,13363
1114,43425.0,13365
1115,47716.0,13367
1116,46827.0,13368
1117,43387.0,13402
1118,64890.0,13403
1119,53203.0,13406
1120,45692.0,13407
1121,41548.0,13408
1122,56008.0,13409
1123,43183.0,13411
1124,64366.0,13413
1125,70625.0,13415
1126,55268.0,13416
1127,34758.0,13417
1128,43750.0,13418
1129,60438.0,13420
1130,47109.0,13421
1131,59965.0,13424
1132,44280.0,13425
1133,46250.0,13428
1134,57279.0,13431
1135,35577.0,13433
1136,61111.0,13436
1137,48839.0,13437
1138,54514.0,13438
1139,43750.0,13439
1140,49755.0,13440
1141,,13441
1142,31845.0,13450
1143,40072.0,13452
1144,38688.0,13454
1145,57292.0,13456
1146,45800.0,13459
1147,44078.0,13460
1148,58500.0,13461
1149,53854.0,13464
1150,,13465
1151,46375.0,13468
1152,64107.0,13469
1153,42847.0,13470
1154,47386.0,13471
1155,48750.0,13473
1156,14821.0,13475
1157,48224.0,13476
1158,50875.0,13477
1159,68690.0,13478
1160,48512.0,13480
1161,,13482
1162,40147.0,13483
1163,42313.0,13485
1164,47000.0,13486
1165,65625.0,13488
1166,43929.0,13489
1167,80841.0,13490
1168,52888.0,13491
1169,62543.0,13492
1170,46023.0,13493
1171,41250.0,13494
1172,48576.0,13495
1173,31519.0,13501
1174,38290.0,13502
1175,42296.0,13601
1176,50667.0,13602
1177,41430.0,13603
1178,48068.0,13605
1179,63071.0,13606
1180,36554.0,13607
1181,51615.0,13608
1182,52841.0,13612
1183,31645.0,13613
1184,36250.0,13614
1185,42500.0,13616
1186,50785.0,13617
1187,57625.0,13618
1188,45888.0,13619
1189,50909.0,13620
1190,42000.0,13621
1191,57041.0,13622
1192,53077.0,13624
1193,45508.0,13625
1194,59708.0,13626
1195,51563.0,13630
1196,66250.0,13633
1197,54456.0,13634
1198,33194.0,13635
1199,64643.0,13636
1200,55104.0,13637
1201,24600.0,13638
1202,32708.0,13639
1203,88125.0,13640
1204,40218.0,13642
1205,43304.0,13646
1206,45000.0,13648
1207,45548.0,13650
1208,45500.0,13652
1209,46833.0,13654
1210,28889.0,13655
1211,53668.0,13656
1212,53850.0,13658
1213,46250.0,13659
1214,43832.0,13660
1215,49948.0,13661
1216,41668.0,13662
1217,60139.0,13664
1218,33750.0,13665
1219,39744.0,13667
1220,43500.0,13668
1221,41835.0,13669
1222,38438.0,13670
1223,35368.0,13672
1224,48984.0,13673
1225,,13675
1226,43415.0,13676
1227,49861.0,13679
1228,48611.0,13680
1229,41000.0,13681
1230,71250.0,13682
1231,45500.0,13684
1232,62586.0,13685
1233,43287.0,13687
1234,43167.0,13690
1235,51851.0,13691
1236,50250.0,13693
1237,59926.0,13694
1238,,13696
1239,42143.0,13697
1240,40102.0,13730
1241,46000.0,13731
1242,74842.0,13732
1243,45960.0,13733
1244,66810.0,13734
1245,55023.0,13736
1246,47150.0,13739
1247,43594.0,13740
1248,55000.0,13743
1249,64405.0,13744
1250,44844.0,13746
1251,45577.0,13748
1252,47798.0,13750
1253,38828.0,13751
1254,60076.0,13752
1255,47792.0,13753
1256,42193.0,13754
1257,41574.0,13755
1258,45089.0,13756
1259,54702.0,13757
1260,50420.0,13760
1261,50655.0,13775
1262,44107.0,13776
1263,44904.0,13777
1264,51260.0,13778
1265,56000.0,13780
1266,42212.0,13782
1267,37632.0,13783
1268,53611.0,13786
1269,46923.0,13787
1270,55000.0,13788
1271,39518.0,13790
1272,51604.0,13795
1273,52950.0,13796
1274,45929.0,13797
1275,45625.0,13801
1276,58854.0,13802
1277,51593.0,13803
1278,60192.0,13804
1279,59444.0,13806
1280,47917.0,13807
1281,49750.0,13808
1282,36875.0,13809
1283,40083.0,13810
1284,45057.0,13811
1285,50547.0,13812
1286,50823.0,13813
1287,39818.0,13815
1288,42345.0,13820
1289,52750.0,13825
1290,,13826
1291,56025.0,13827
1292,53304.0,13830
1293,35000.0,13832
1294,51976.0,13833
1295,2499.0,13834
1296,48333.0,13835
1297,38482.0,13838
1298,50481.0,13839
1299,33750.0,13841
1300,79219.0,13842
1301,48393.0,13843
1302,48026.0,13844
1303,76250.0,13846
1304,42861.0,13849
1305,62061.0,13850
1306,38730.0,13856
1307,73468.0,13859
1308,43631.0,13861
1309,50036.0,13862
1310,41731.0,13863
1311,65613.0,13864
1312,51236.0,13865
1313,41344.0,13901
1314,44267.0,13903
1315,40985.0,13904
1316,34520.0,13905
1317,54052.0,14001
1318,56163.0,14004
1319,57409.0,14005
1320,58511.0,14006
1321,46889.0,14008
1322,46287.0,14009
1323,61196.0,14011
1324,52188.0,14012
1325,42663.0,14013
1326,42809.0,14020
1327,50577.0,14024
1328,67326.0,14025
1329,64792.0,14026
1330,53750.0,14028
1331,66750.0,14030
1332,68137.0,14031
1333,94092.0,14032
1334,81979.0,14033
1335,58224.0,14034
1336,49276.0,14036
1337,74063.0,14037
1338,44583.0,14039
1339,59716.0,14040
1340,40000.0,14041
1341,32740.0,14042
1342,49369.0,14043
1343,65554.0,14047
1344,39566.0,14048
1345,101660.0,14051
1346,71278.0,14052
1347,48250.0,14054
1348,50673.0,14055
1349,61292.0,14057
1350,67069.0,14058
1351,75511.0,14059
1352,46842.0,14060
1353,50745.0,14062
1354,47982.0,14063
1355,40848.0,14065
1356,46060.0,14066
1357,53009.0,14067
1358,71452.0,14068
1359,62768.0,14069
1360,45192.0,14070
1361,80243.0,14072
1362,62497.0,14075
1363,61569.0,14080
1364,52583.0,14081
1365,45104.0,14082
1366,,14083
1367,86092.0,14085
1368,75819.0,14086
1369,48750.0,14091
1370,60689.0,14092
1371,49849.0,14094
1372,54543.0,14098
1373,51250.0,14101
1374,89722.0,14102
1375,43478.0,14103
1376,56474.0,14105
1377,57349.0,14108
1378,56413.0,14111
1379,47500.0,14113
1380,52587.0,14120
1381,49356.0,14125
1382,77636.0,14127
1383,50417.0,14129
1384,57500.0,14131
1385,59286.0,14132
1386,56786.0,14134
1387,43914.0,14136
1388,46250.0,14138
1389,54593.0,14139
1390,51310.0,14141
1391,53185.0,14143
1392,56938.0,14145
1393,51852.0,14150
1394,52888.0,14167
1395,62396.0,14170
1396,43793.0,14171
1397,58750.0,14172
1398,64554.0,14174
1399,21594.0,14201
1400,40525.0,14202
1401,26667.0,14203
1402,23259.0,14204
1403,34293.0,14206
1404,26630.0,14207
1405,24809.0,14208
1406,30086.0,14209
1407,32197.0,14210
1408,20983.0,14211
1409,25660.0,14212
1410,25939.0,14213
1411,38698.0,14214
1412,31048.0,14215
1413,45764.0,14216
1414,50254.0,14217
1415,36362.0,14218
1416,48952.0,14219
1417,45831.0,14220
1418,75189.0,14221
1419,52073.0,14222
1420,57076.0,14223
1421,57375.0,14224
1422,45279.0,14225
1423,60545.0,14226
1424,49821.0,14227
1425,47801.0,14228
1426,,14280
1427,21945.0,14301
1428,27567.0,14303
1429,47878.0,14304
1430,34085.0,14305
1431,42967.0,14411
1432,63083.0,14414
1433,31765.0,14415
1434,58750.0,14416
1435,50156.0,14418
1436,54643.0,14420
1437,64286.0,14422
1438,54665.0,14423
1439,53231.0,14424
1440,58496.0,14425
1441,49922.0,14427
1442,59587.0,14428
1443,53819.0,14432
1444,44688.0,14433
1445,63250.0,14435
1446,42938.0,14437
1447,45313.0,14441
1448,49683.0,14445
1449,76552.0,14450
1450,51625.0,14454
1451,48158.0,14456
1452,50677.0,14462
1453,62783.0,14464
1454,67365.0,14466
1455,65649.0,14467
1456,64802.0,14468
1457,61694.0,14469
1458,51918.0,14470
1459,53939.0,14471
1460,91477.0,14472
1461,72708.0,14475
1462,59179.0,14476
1463,54375.0,14477
1464,49417.0,14478
1465,47143.0,14479
1466,45865.0,14480
1467,57071.0,14481
1468,55470.0,14482
1469,44316.0,14485
1470,51250.0,14486
1471,67542.0,14487
1472,42778.0,14489
1473,65601.0,14502
1474,52566.0,14504
1475,60000.0,14505
1476,96538.0,14506
1477,55625.0,14507
1478,43750.0,14510
1479,50682.0,14512
1480,45583.0,14513
1481,63798.0,14514
1482,54779.0,14516
1483,39970.0,14517
1484,63538.0,14519
1485,44907.0,14521
1486,50612.0,14522
1487,63179.0,14525
1488,77386.0,14526
1489,47697.0,14527
1490,48153.0,14530
1491,52500.0,14532
1492,56058.0,14533
1493,106113.0,14534
1494,44688.0,14536
1495,59740.0,14541
1496,86875.0,14543
1497,58558.0,14544
1498,58750.0,14545
1499,57295.0,14546
1500,62031.0,14548
1501,62951.0,14550
1502,47239.0,14551
1503,57500.0,14555
1504,69564.0,14559
1505,56858.0,14560
1506,60578.0,14561
1507,76231.0,14564
1508,76042.0,14568
1509,42313.0,14569
1510,54659.0,14571
1511,42660.0,14572
1512,69189.0,14580
1513,29063.0,14585
1514,70027.0,14586
1515,55558.0,14589
1516,42439.0,14590
1517,62768.0,14591
1518,,14603
1519,11830.0,14604
1520,18569.0,14605
1521,38545.0,14606
1522,40502.0,14607
1523,20796.0,14608
1524,42123.0,14609
1525,56629.0,14610
1526,24664.0,14611
1527,59216.0,14612
1528,28425.0,14613
1529,3906.0,14614
1530,38620.0,14615
1531,48975.0,14616
1532,60650.0,14617
1533,81902.0,14618
1534,39494.0,14619
1535,38554.0,14620
1536,23735.0,14621
1537,51875.0,14622
1538,46149.0,14623
1539,61136.0,14624
1540,70114.0,14625
1541,53944.0,14626
1542,35997.0,14701
1543,50647.0,14706
1544,43333.0,14708
1545,43173.0,14709
1546,51156.0,14710
1547,41000.0,14711
1548,57931.0,14712
1549,40750.0,14714
1550,45030.0,14715
1551,35708.0,14716
1552,38333.0,14717
1553,57813.0,14718
1554,43036.0,14719
1555,25227.0,14721
1556,44861.0,14723
1557,45667.0,14724
1558,41336.0,14726
1559,48077.0,14727
1560,62736.0,14728
1561,52961.0,14729
1562,54625.0,14731
1563,42891.0,14733
1564,38278.0,14735
1565,34107.0,14736
1566,37113.0,14737
1567,47956.0,14738
1568,38872.0,14739
1569,49345.0,14740
1570,55966.0,14741
1571,42799.0,14743
1572,50298.0,14744
1573,43482.0,14747
1574,31667.0,14748
1575,53176.0,14750
1576,32708.0,14753
1577,43750.0,14754
1578,46037.0,14755
1579,44698.0,14757
1580,41807.0,14760
1581,42986.0,14767
1582,48977.0,14769
1583,50816.0,14770
1584,43494.0,14772
1585,40769.0,14775
1586,47917.0,14777
1587,31537.0,14779
1588,48452.0,14781
1589,44926.0,14782
1590,29583.0,14784
1591,42455.0,14787
1592,45810.0,14801
1593,19018.0,14802
1594,49375.0,14803
1595,61875.0,14804
1596,53750.0,14805
1597,49792.0,14806
1598,45821.0,14807
1599,36250.0,14808
1600,42902.0,14809
1601,43750.0,14810
1602,56211.0,14812
1603,44223.0,14813
1604,72667.0,14814
1605,47500.0,14815
1606,49583.0,14816
1607,59618.0,14817
1608,45208.0,14818
1609,38854.0,14819
1610,41534.0,14820
1611,47500.0,14821
1612,35708.0,14822
1613,49868.0,14823
1614,74650.0,14824
1615,56481.0,14825
1616,46902.0,14826
1617,51902.0,14830
1618,51728.0,14836
1619,44318.0,14837
1620,55045.0,14838
1621,48667.0,14839
1622,51893.0,14840
1623,58538.0,14841
1624,79009.0,14842
1625,40638.0,14843
1626,61005.0,14845
1627,42198.0,14846
1628,48080.0,14847
1629,46331.0,14850
1630,,14853
1631,43750.0,14855
1632,49554.0,14858
1633,39444.0,14859
1634,53750.0,14860
1635,47083.0,14861
1636,53650.0,14864
1637,38839.0,14865
1638,49464.0,14867
1639,52125.0,14869
1640,59469.0,14870
1641,64468.0,14871
1642,34258.0,14872
1643,48897.0,14873
1644,43250.0,14874
1645,40682.0,14877
1646,65909.0,14878
1647,45119.0,14879
1648,42130.0,14880
1649,14803.0,14881
1650,76929.0,14882
1651,48929.0,14883
1652,51000.0,14884
1653,37000.0,14885
1654,62900.0,14886
1655,50000.0,14889
1656,44448.0,14891
1657,49623.0,14892
1658,40417.0,14894
1659,38778.0,14895
1660,41905.0,14897
1661,38472.0,14898
1662,28844.0,14901
1663,45000.0,14903
1664,36250.0,14904
1665,59159.0,14905
1666,,14925
